timestamp,seed,data_path,train_dataset,test_dataset,num_workers,label_path,subset_path,num_subset_within,use_flip,use_diff_aug,zca,subset,train_model,pre_data_name,distill_method,results_csv,pre_opt,pre_epoch,batch_size,pre_lr,pre_wd,pre_sch,test_algorithm,test_opt,test_epoch,test_lr,test_wd,test_batch_size,subset_frac,epc,gpu_id,result_dir,distilled_steps,use_krrst,use_random,distribution_shift,supervised_pretrain,supervised_pretrain_method,dsa_param,dsa_strategy,zca_trans,channel,num_classes,num_pretrain_classes,num_target_features,CIFAR100,CIFAR10,aircraft,cub2011,dogs,flowers,Tiny
2024-05-20 15:35:58.867433,2,/data,CIFAR10,Tiny,0,/home/jennyni/ssl-mtt/target_rep_krrst_original/CIFAR10_resnet18_target_rep_train.pt,/home/jennyni/ssl-mtt/sas_subset/cifar10-cl-core-idx_1000.pkl,,False,False,False,,ConvNet,cifar10,sas,mkdt_results.csv,sgd,20,256,0.1,0.0001,False,linear_evaluation,sgd,50,0.05,0.0,256,0.01,,0,,1000,False,False,False,False,,<utils.ParamDiffAug object at 0x7efff4298ee0>,color_crop_cutout_flip_scale_rotate,,3,200,10,512,$7.77\scriptstyle{ \pm 0.35}$,$36.02\scriptstyle{ \pm 1.52}$,$2.29\scriptstyle{ \pm 0.26}$,$1.14\scriptstyle{ \pm 0.01}$,$1.78\scriptstyle{ \pm 0.32}$,$2.22\scriptstyle{ \pm 0.23}$,$2.69\scriptstyle{ \pm 0.31}$
2024-05-20 15:36:57.422047,2,/data,CIFAR10,Tiny,0,/home/jennyni/ssl-mtt/target_rep_krrst_original/CIFAR10_resnet18_target_rep_train.pt,/home/jennyni/ssl-mtt/sas_subset/cifar10-cl-core-idx_1000.pkl,,False,False,False,,ConvNet,cifar10,sas,mkdt_results.csv,sgd,20,256,0.1,0.0001,False,linear_evaluation,sgd,50,0.05,0.0,256,0.05,,0,,1000,False,False,False,False,,<utils.ParamDiffAug object at 0x7efebdd6ae00>,color_crop_cutout_flip_scale_rotate,,3,200,10,512,$15.90\scriptstyle{ \pm 0.28}$,$46.52\scriptstyle{ \pm 0.61}$,$5.63\scriptstyle{ \pm 0.76}$,$1.48\scriptstyle{ \pm 0.16}$,$2.69\scriptstyle{ \pm 0.21}$,$3.75\scriptstyle{ \pm 0.10}$,$5.41\scriptstyle{ \pm 0.42}$
2024-05-20 15:41:32.077607,2,/data,CIFAR100,Tiny,0,/home/jennyni/ssl-mtt/target_rep_krrst_original/CIFAR10_resnet18_target_rep_train.pt,,,False,False,False,,ConvNet,cifar10,krrst,mkdt_results.csv,sgd,20,256,0.1,0.0001,False,linear_evaluation,sgd,50,0.05,0.0,256,0.01,,3,/home/jennyni/ssl-mtt/synthetic_data/CIFAR100/krr_st,1000,True,False,False,False,,<utils.ParamDiffAug object at 0x7fee729a8dc0>,color_crop_cutout_flip_scale_rotate,,3,200,100,512,$8.61\scriptstyle{ \pm 0.31}$,$37.84\scriptstyle{ \pm 1.11}$,$2.40\scriptstyle{ \pm 0.17}$,$1.27\scriptstyle{ \pm 0.04}$,$1.98\scriptstyle{ \pm 0.16}$,$2.81\scriptstyle{ \pm 0.35}$,$2.84\scriptstyle{ \pm 0.27}$
2024-05-20 15:42:39.797109,2,/data,CIFAR100,Tiny,0,/home/jennyni/ssl-mtt/target_rep_krrst_original/CIFAR10_resnet18_target_rep_train.pt,,,False,False,False,,ConvNet,cifar10,krrst,mkdt_results.csv,sgd,20,256,0.1,0.0001,False,linear_evaluation,sgd,50,0.05,0.0,256,0.05,,3,/home/jennyni/ssl-mtt/synthetic_data/CIFAR100/krr_st,1000,True,False,False,False,,<utils.ParamDiffAug object at 0x7fce380fe5d0>,color_crop_cutout_flip_scale_rotate,,3,200,100,512,$16.90\scriptstyle{ \pm 0.56}$,$47.61\scriptstyle{ \pm 0.43}$,$5.86\scriptstyle{ \pm 0.73}$,$1.86\scriptstyle{ \pm 0.17}$,$2.84\scriptstyle{ \pm 0.13}$,$4.60\scriptstyle{ \pm 0.19}$,$6.27\scriptstyle{ \pm 0.41}$
2024-05-20 15:44:42.034270,2,/data,CIFAR100,Tiny,0,/home/jennyni/ssl-mtt/target_rep_krrst_original/CIFAR100_resnet18_target_rep_train.pt,/home/jennyni/ssl-mtt/sas_subset/cifar100-cl-core-idx_1000.pkl,,False,False,False,,ConvNet,cifar100,sas,mkdt_results.csv,sgd,20,256,0.1,0.0001,False,linear_evaluation,sgd,50,0.05,0.0,256,0.01,,2,,1000,False,False,False,False,,<utils.ParamDiffAug object at 0x7f57eabc0850>,color_crop_cutout_flip_scale_rotate,,3,200,100,512,$9.39\scriptstyle{ \pm 0.18}$,$38.73\scriptstyle{ \pm 1.48}$,$2.53\scriptstyle{ \pm 0.04}$,$1.42\scriptstyle{ \pm 0.04}$,$2.07\scriptstyle{ \pm 0.14}$,$2.95\scriptstyle{ \pm 0.37}$,$3.23\scriptstyle{ \pm 0.19}$
2024-05-20 19:51:31.585274,2,/data,CIFAR100,Tiny,0,/home/jennyni/ssl-mtt/target_rep_krrst_original/CIFAR10_resnet18_target_rep_train.pt,,,False,False,False,,ConvNet,cifar10,krrst,mkdt_results.csv,sgd,20,256,0.1,0.0001,False,linear_evaluation,sgd,50,0.05,0.0,256,0.1,,3,/home/jennyni/ssl-mtt/synthetic_data/CIFAR100/krr_st,1000,True,False,False,False,,<utils.ParamDiffAug object at 0x7fedbbedac80>,color_crop_cutout_flip_scale_rotate,,3,200,100,512,$21.52\scriptstyle{ \pm 0.38}$,$52.55\scriptstyle{ \pm 0.34}$,$7.73\scriptstyle{ \pm 0.36}$,$2.54\scriptstyle{ \pm 0.14}$,$3.58\scriptstyle{ \pm 0.19}$,$6.63\scriptstyle{ \pm 1.20}$,$8.15\scriptstyle{ \pm 0.35}$
2024-05-20 19:52:35.915565,2,/data,CIFAR100,Tiny,0,/home/jennyni/ssl-mtt/target_rep_krrst_original/CIFAR10_resnet18_target_rep_train.pt,,,False,False,False,,ConvNet,cifar10,krrst,mkdt_results.csv,sgd,20,256,0.1,0.0001,False,linear_evaluation,sgd,50,0.05,0.0,256,0.5,,3,/home/jennyni/ssl-mtt/synthetic_data/CIFAR100/krr_st,1000,True,False,False,False,,<utils.ParamDiffAug object at 0x7f1b7854fbd0>,color_crop_cutout_flip_scale_rotate,,3,200,100,512,$30.30\scriptstyle{ \pm 0.33}$,$58.99\scriptstyle{ \pm 0.04}$,$16.90\scriptstyle{ \pm 0.73}$,$5.08\scriptstyle{ \pm 0.35}$,$7.11\scriptstyle{ \pm 0.11}$,$14.53\scriptstyle{ \pm 0.37}$,$15.50\scriptstyle{ \pm 0.19}$
2024-05-20 19:54:49.037819,2,/data,CIFAR10,Tiny,0,/home/jennyni/ssl-mtt/target_rep_krrst_original/CIFAR10_resnet18_target_rep_train.pt,/home/jennyni/ssl-mtt/sas_subset/cifar10-cl-core-idx_1000.pkl,,False,False,False,,ConvNet,cifar10,sas,mkdt_results.csv,sgd,20,256,0.1,0.0001,False,linear_evaluation,sgd,50,0.05,0.0,256,0.5,,0,,1000,False,False,False,False,,<utils.ParamDiffAug object at 0x7f3f12a127a0>,color_crop_cutout_flip_scale_rotate,,3,200,10,512,$27.35\scriptstyle{ \pm 0.20}$,$57.52\scriptstyle{ \pm 0.23}$,$16.21\scriptstyle{ \pm 1.22}$,$4.23\scriptstyle{ \pm 0.22}$,$6.59\scriptstyle{ \pm 0.10}$,$12.76\scriptstyle{ \pm 0.56}$,$14.70\scriptstyle{ \pm 0.24}$
2024-05-20 19:55:30.410440,2,/data,CIFAR10,Tiny,0,/home/jennyni/ssl-mtt/target_rep_krrst_original/CIFAR10_resnet18_target_rep_train.pt,/home/jennyni/ssl-mtt/sas_subset/cifar10-cl-core-idx_1000.pkl,,False,False,False,,ConvNet,cifar10,sas,mkdt_results.csv,sgd,20,256,0.1,0.0001,False,linear_evaluation,sgd,50,0.05,0.0,256,0.1,,0,,1000,False,False,False,False,,<utils.ParamDiffAug object at 0x7f6a6e923670>,color_crop_cutout_flip_scale_rotate,,3,200,10,512,$19.92\scriptstyle{ \pm 0.59}$,$51.12\scriptstyle{ \pm 0.19}$,$7.53\scriptstyle{ \pm 0.75}$,$2.11\scriptstyle{ \pm 0.23}$,$3.13\scriptstyle{ \pm 0.23}$,$5.66\scriptstyle{ \pm 0.93}$,$7.29\scriptstyle{ \pm 0.17}$
2024-05-20 20:01:00.378652,2,/data,CIFAR100,Tiny,0,/home/jennyni/ssl-mtt/target_rep_krrst_original/CIFAR100_resnet18_target_rep_train.pt,/home/jennyni/ssl-mtt/sas_subset/cifar100-cl-core-idx_1000.pkl,,False,False,False,,ConvNet,cifar100,sas,mkdt_results.csv,sgd,20,256,0.1,0.0001,False,linear_evaluation,sgd,50,0.05,0.0,256,0.5,,7,,1000,False,False,False,False,,<utils.ParamDiffAug object at 0x7f4d4c9b87f0>,color_crop_cutout_flip_scale_rotate,,3,200,100,512,$32.31\scriptstyle{ \pm 0.27}$,$60.54\scriptstyle{ \pm 0.40}$,$18.31\scriptstyle{ \pm 0.59}$,$5.71\scriptstyle{ \pm 0.26}$,$7.60\scriptstyle{ \pm 0.20}$,$16.94\scriptstyle{ \pm 0.54}$,$16.25\scriptstyle{ \pm 0.28}$
2024-05-20 20:08:40.658301,2,/data,CIFAR100,Tiny,0,/home/jennyni/ssl-mtt/target_rep_krrst_original/CIFAR100_resnet18_target_rep_train.pt,/home/jennyni/ssl-mtt/sas_subset/cifar100-cl-core-idx_1000.pkl,,False,False,False,,ConvNet,cifar100,sas,mkdt_results.csv,sgd,20,256,0.1,0.0001,False,linear_evaluation,sgd,50,0.05,0.0,256,0.05,,2,,1000,False,False,False,False,,<utils.ParamDiffAug object at 0x7f51787f01f0>,color_crop_cutout_flip_scale_rotate,,3,200,100,512,$17.94\scriptstyle{ \pm 0.54}$,$48.69\scriptstyle{ \pm 0.26}$,$5.95\scriptstyle{ \pm 0.88}$,$2.15\scriptstyle{ \pm 0.27}$,$3.22\scriptstyle{ \pm 0.47}$,$5.56\scriptstyle{ \pm 0.43}$,$6.71\scriptstyle{ \pm 0.52}$
2024-05-20 20:09:19.741889,2,/data,CIFAR100,Tiny,0,/home/jennyni/ssl-mtt/target_rep_krrst_original/CIFAR100_resnet18_target_rep_train.pt,/home/jennyni/ssl-mtt/sas_subset/cifar100-cl-core-idx_1000.pkl,,False,False,False,,ConvNet,cifar100,sas,mkdt_results.csv,sgd,20,256,0.1,0.0001,False,linear_evaluation,sgd,50,0.05,0.0,256,0.1,,2,,1000,False,False,False,False,,<utils.ParamDiffAug object at 0x7fc176a41e40>,color_crop_cutout_flip_scale_rotate,,3,200,100,512,$22.39\scriptstyle{ \pm 0.11}$,$51.76\scriptstyle{ \pm 0.32}$,$8.04\scriptstyle{ \pm 0.73}$,$2.76\scriptstyle{ \pm 0.21}$,$4.10\scriptstyle{ \pm 0.29}$,$7.77\scriptstyle{ \pm 1.34}$,$8.99\scriptstyle{ \pm 0.25}$
2024-05-21 12:43:07.452441,2,/data,CIFAR10,Tiny,0,/home/jennyni/ssl-mtt/target_rep_krrst_original/CIFAR10_resnet18_target_rep_train.pt,,,False,False,False,,ConvNet,cifar10,krrst,mkdt_results.csv,sgd,20,256,0.1,0.0001,False,linear_evaluation,sgd,50,0.05,0.0,256,0.01,,0,/home/jennyni/ssl-mtt/synthetic_data/CIFAR10/krr_st,1000,True,False,False,False,,<utils.ParamDiffAug object at 0x7efa52054220>,color_crop_cutout_flip_scale_rotate,,3,200,10,512,$8.67\scriptstyle{ \pm 0.41}$,$37.19\scriptstyle{ \pm 0.49}$,$2.53\scriptstyle{ \pm 0.05}$,$1.25\scriptstyle{ \pm 0.02}$,$1.88\scriptstyle{ \pm 0.32}$,$2.42\scriptstyle{ \pm 0.22}$,$2.84\scriptstyle{ \pm 0.17}$
2024-05-21 13:05:46.372831,2,/data,CIFAR10,Tiny,0,/home/jennyni/ssl-mtt/target_rep_krrst_original/CIFAR10_resnet18_target_rep_train.pt,,,False,False,False,,ConvNet,cifar10,krrst,mkdt_results.csv,sgd,20,256,0.1,0.0001,False,linear_evaluation,sgd,50,0.05,0.0,256,0.05,,1,/home/jennyni/ssl-mtt/synthetic_data/CIFAR10/krr_st,1000,True,False,False,False,,<utils.ParamDiffAug object at 0x7f25f412d2d0>,color_crop_cutout_flip_scale_rotate,,3,200,10,512,$16.65\scriptstyle{ \pm 0.31}$,$46.75\scriptstyle{ \pm 0.45}$,$5.41\scriptstyle{ \pm 0.45}$,$1.88\scriptstyle{ \pm 0.10}$,$2.76\scriptstyle{ \pm 0.40}$,$4.52\scriptstyle{ \pm 0.14}$,$6.85\scriptstyle{ \pm 0.20}$
2024-05-21 13:06:21.232541,2,/data,CIFAR10,Tiny,0,/home/jennyni/ssl-mtt/target_rep_krrst_original/CIFAR10_resnet18_target_rep_train.pt,,,False,False,False,,ConvNet,cifar10,krrst,mkdt_results.csv,sgd,20,256,0.1,0.0001,False,linear_evaluation,sgd,50,0.05,0.0,256,0.1,,2,/home/jennyni/ssl-mtt/synthetic_data/CIFAR10/krr_st,1000,True,False,False,False,,<utils.ParamDiffAug object at 0x7fdfa1ef7a90>,color_crop_cutout_flip_scale_rotate,,3,200,10,512,$21.11\scriptstyle{ \pm 0.56}$,$51.62\scriptstyle{ \pm 0.29}$,$7.77\scriptstyle{ \pm 0.81}$,$2.40\scriptstyle{ \pm 0.13}$,$3.41\scriptstyle{ \pm 0.30}$,$6.72\scriptstyle{ \pm 0.69}$,$8.83\scriptstyle{ \pm 0.23}$
2024-05-21 13:06:46.092548,2,/data,CIFAR10,Tiny,0,/home/jennyni/ssl-mtt/target_rep_krrst_original/CIFAR10_resnet18_target_rep_train.pt,,,False,False,False,,ConvNet,cifar10,krrst,mkdt_results.csv,sgd,20,256,0.1,0.0001,False,linear_evaluation,sgd,50,0.05,0.0,256,0.5,,3,/home/jennyni/ssl-mtt/synthetic_data/CIFAR10/krr_st,1000,True,False,False,False,,<utils.ParamDiffAug object at 0x7fe8f8fa7a00>,color_crop_cutout_flip_scale_rotate,,3,200,10,512,$28.66\scriptstyle{ \pm 0.20}$,$58.28\scriptstyle{ \pm 0.34}$,$17.77\scriptstyle{ \pm 0.98}$,$4.93\scriptstyle{ \pm 0.37}$,$6.85\scriptstyle{ \pm 0.29}$,$15.95\scriptstyle{ \pm 0.16}$,$15.85\scriptstyle{ \pm 0.08}$
2024-05-30 21:48:28.335395,2,/data,CIFAR10,Tiny,0,/home/jennyni/ssl-mtt/target_rep_krrst_original/CIFAR10_resnet18_target_rep_train.pt,,,False,False,False,,ConvNet,cifar10,mkdt,mkdt_results.csv,sgd,20,256,tensor(0.3603),0.0001,False,linear_evaluation,sgd,50,0.05,0.0,256,0.01,,4,/home/jennyni/ssl-mtt/logged_files/CIFAR10/2024-05-29_22:13:04None,5000,False,False,False,False,,<utils.ParamDiffAug object at 0x7f2c12750e80>,color_crop_cutout_flip_scale_rotate,,3,200,10,512,$11.00\scriptstyle{ \pm 0.24}$,$46.37\scriptstyle{ \pm 1.12}$,$2.90\scriptstyle{ \pm 0.32}$,$1.43\scriptstyle{ \pm 0.07}$,$2.13\scriptstyle{ \pm 0.34}$,$2.73\scriptstyle{ \pm 0.26}$,$3.77\scriptstyle{ \pm 0.10}$
2024-05-30 21:50:36.868976,2,/data,CIFAR100,Tiny,0,/home/jennyni/ssl-mtt/target_rep_krrst_original/CIFAR100_resnet18_target_rep_train.pt,,,False,False,False,,ConvNet,cifar100,mkdt,mkdt_results.csv,sgd,20,256,tensor(0.2669),0.0001,False,linear_evaluation,sgd,50,0.05,0.0,256,0.05,,2,/home/jennyni/ssl-mtt/logged_files/CIFAR100/2024-05-29_22:12:45None,5000,False,False,False,False,,<utils.ParamDiffAug object at 0x7f3eda25b820>,color_crop_cutout_flip_scale_rotate,,3,200,100,512,$23.05\scriptstyle{ \pm 0.43}$,$54.06\scriptstyle{ \pm 0.34}$,$6.35\scriptstyle{ \pm 0.66}$,$2.49\scriptstyle{ \pm 0.16}$,$3.39\scriptstyle{ \pm 0.16}$,$6.29\scriptstyle{ \pm 0.50}$,$8.31\scriptstyle{ \pm 0.19}$
2024-05-30 21:51:00.737860,2,/data,CIFAR100,Tiny,0,/home/jennyni/ssl-mtt/target_rep_krrst_original/CIFAR100_resnet18_target_rep_train.pt,/home/jennyni/ssl-mtt/init/cifar100/CIFAR100_2_high_loss_indices.pkl,,False,False,False,,ConvNet,cifar100,high_loss,mkdt_results.csv,sgd,20,256,0.1,0.0001,False,linear_evaluation,sgd,50,0.05,0.0,256,0.01,,1,,1000,False,False,False,False,,<utils.ParamDiffAug object at 0x7ff5f69b9690>,color_crop_cutout_flip_scale_rotate,,3,200,100,512,$10.40\scriptstyle{ \pm 0.16}$,$39.62\scriptstyle{ \pm 1.39}$,$2.30\scriptstyle{ \pm 0.37}$,$1.59\scriptstyle{ \pm 0.17}$,$2.15\scriptstyle{ \pm 0.23}$,$2.65\scriptstyle{ \pm 1.35}$,$3.65\scriptstyle{ \pm 0.08}$
2024-05-30 21:51:43.671989,2,/data,CIFAR100,Tiny,0,/home/jennyni/ssl-mtt/target_rep_krrst_original/CIFAR100_resnet18_target_rep_train.pt,,,False,False,False,,ConvNet,cifar100,mkdt,mkdt_results.csv,sgd,20,256,tensor(0.2669),0.0001,False,linear_evaluation,sgd,50,0.05,0.0,256,0.01,,2,/home/jennyni/ssl-mtt/logged_files/CIFAR100/2024-05-29_22:12:45None,5000,False,False,False,False,,<utils.ParamDiffAug object at 0x7f7b47cddf30>,color_crop_cutout_flip_scale_rotate,,3,200,100,512,$12.89\scriptstyle{ \pm 0.41}$,$45.11\scriptstyle{ \pm 0.82}$,$2.70\scriptstyle{ \pm 0.19}$,$1.56\scriptstyle{ \pm 0.07}$,$2.29\scriptstyle{ \pm 0.31}$,$1.69\scriptstyle{ \pm 0.90}$,$4.36\scriptstyle{ \pm 0.28}$
2024-05-30 21:53:05.009211,2,/data,CIFAR100,Tiny,0,/home/jennyni/ssl-mtt/target_rep_krrst_original/CIFAR100_resnet18_target_rep_train.pt,/home/jennyni/ssl-mtt/init/cifar100/CIFAR100_2_high_loss_indices.pkl,,False,False,False,,ConvNet,cifar100,high_loss,mkdt_results.csv,sgd,20,256,0.1,0.0001,False,linear_evaluation,sgd,50,0.05,0.0,256,0.05,,1,,1000,False,False,False,False,,<utils.ParamDiffAug object at 0x7f22b8563a90>,color_crop_cutout_flip_scale_rotate,,3,200,100,512,$19.85\scriptstyle{ \pm 0.43}$,$49.54\scriptstyle{ \pm 0.11}$,$6.07\scriptstyle{ \pm 0.87}$,$2.65\scriptstyle{ \pm 0.25}$,$3.18\scriptstyle{ \pm 0.24}$,$6.29\scriptstyle{ \pm 0.50}$,$6.97\scriptstyle{ \pm 0.26}$
2024-05-30 21:55:17.622967,2,/data,CIFAR100,Tiny,0,/home/jennyni/ssl-mtt/target_rep_krrst_original/CIFAR100_resnet18_target_rep_train.pt,/home/jennyni/ssl-mtt/init/cifar100/CIFAR100_2_high_loss_indices.pkl,,False,False,False,,ResNet10,cifar100,high_loss,mkdt_results.csv,sgd,20,256,0.1,0.0001,False,linear_evaluation,sgd,50,0.05,0.0,256,0.01,,1,,1000,False,False,False,False,,<utils.ParamDiffAug object at 0x7fdde14cb8b0>,color_crop_cutout_flip_scale_rotate,,3,200,100,512,$4.41\scriptstyle{ \pm 0.12}$,$23.68\scriptstyle{ \pm 1.03}$,$1.65\scriptstyle{ \pm 0.11}$,$0.78\scriptstyle{ \pm 0.08}$,$1.06\scriptstyle{ \pm 0.17}$,$1.57\scriptstyle{ \pm 0.41}$,$2.07\scriptstyle{ \pm 0.11}$
2024-05-30 21:57:00.643275,2,/data,CIFAR100,Tiny,0,/home/jennyni/ssl-mtt/target_rep_krrst_original/CIFAR100_resnet18_target_rep_train.pt,,,False,False,False,,ResNet10,cifar100,mkdt,mkdt_results.csv,sgd,20,256,tensor(0.2669),0.0001,False,linear_evaluation,sgd,50,0.05,0.0,256,0.01,,2,/home/jennyni/ssl-mtt/logged_files/CIFAR100/2024-05-29_22:12:45None,5000,False,False,False,False,,<utils.ParamDiffAug object at 0x7f0504973100>,color_crop_cutout_flip_scale_rotate,,3,200,100,512,$6.64\scriptstyle{ \pm 0.28}$,$29.31\scriptstyle{ \pm 0.72}$,$1.78\scriptstyle{ \pm 0.13}$,$1.02\scriptstyle{ \pm 0.16}$,$1.26\scriptstyle{ \pm 0.16}$,$1.97\scriptstyle{ \pm 0.41}$,$2.19\scriptstyle{ \pm 0.17}$
2024-05-30 21:57:08.429909,2,/data,CIFAR10,Tiny,0,/home/jennyni/ssl-mtt/target_rep_krrst_original/CIFAR10_resnet18_target_rep_train.pt,,,False,False,False,,ConvNet,cifar10,mkdt,mkdt_results.csv,sgd,20,256,tensor(0.3603),0.0001,False,linear_evaluation,sgd,50,0.05,0.0,256,0.05,,4,/home/jennyni/ssl-mtt/logged_files/CIFAR10/2024-05-29_22:13:04None,5000,False,False,False,False,,<utils.ParamDiffAug object at 0x7fc0253ffa30>,color_crop_cutout_flip_scale_rotate,,3,200,10,512,$20.28\scriptstyle{ \pm 0.21}$,$54.48\scriptstyle{ \pm 0.42}$,$6.57\scriptstyle{ \pm 0.68}$,$2.12\scriptstyle{ \pm 0.07}$,$3.21\scriptstyle{ \pm 0.40}$,$5.32\scriptstyle{ \pm 0.81}$,$7.61\scriptstyle{ \pm 0.08}$
2024-05-30 21:58:00.788291,2,/data,CIFAR10,Tiny,0,/home/jennyni/ssl-mtt/target_rep_krrst_original/CIFAR10_resnet18_target_rep_train.pt,,,False,False,False,,ResNet10,cifar10,mkdt,mkdt_results.csv,sgd,20,256,tensor(0.3603),0.0001,False,linear_evaluation,sgd,50,0.05,0.0,256,0.01,,4,/home/jennyni/ssl-mtt/logged_files/CIFAR10/2024-05-29_22:13:04None,5000,False,False,False,False,,<utils.ParamDiffAug object at 0x7f3537bb0ee0>,color_crop_cutout_flip_scale_rotate,,3,200,10,512,$4.71\scriptstyle{ \pm 0.25}$,$32.84\scriptstyle{ \pm 1.18}$,$1.60\scriptstyle{ \pm 0.17}$,$0.84\scriptstyle{ \pm 0.05}$,$1.36\scriptstyle{ \pm 0.40}$,$1.72\scriptstyle{ \pm 0.45}$,$2.37\scriptstyle{ \pm 0.14}$
2024-05-30 21:58:41.347651,2,/data,CIFAR100,Tiny,0,/home/jennyni/ssl-mtt/target_rep_krrst_original/CIFAR100_resnet18_target_rep_train.pt,/home/jennyni/ssl-mtt/init/cifar100/CIFAR100_2_high_loss_indices.pkl,,False,False,False,,ResNet18,cifar100,high_loss,mkdt_results.csv,sgd,20,256,0.1,0.0001,False,linear_evaluation,sgd,50,0.05,0.0,256,0.01,,1,,1000,False,False,False,False,,<utils.ParamDiffAug object at 0x7fca6cb70f70>,color_crop_cutout_flip_scale_rotate,,3,200,100,512,$3.74\scriptstyle{ \pm 0.30}$,$21.55\scriptstyle{ \pm 0.91}$,$1.41\scriptstyle{ \pm 0.22}$,$0.66\scriptstyle{ \pm 0.08}$,$0.98\scriptstyle{ \pm 0.24}$,$0.90\scriptstyle{ \pm 0.34}$,$1.52\scriptstyle{ \pm 0.16}$
2024-05-30 21:59:45.471419,2,/data,Tiny,Tiny,0,/home/jennyni/ssl-mtt/target_rep_krrst_original/Tiny_resnet18_target_rep_train.pt,,,False,False,False,,ResNet10,tiny,mkdt,mkdt_results.csv,sgd,20,256,tensor(0.1016),0.0001,False,linear_evaluation,sgd,50,0.05,0.0,256,0.01,,6,/home/jennyni/ssl-mtt/logged_files/Tiny/2024-05-29_22:13:51None,5000,False,False,False,False,,<utils.ParamDiffAug object at 0x7f7920de2a40>,color_crop_cutout_flip_scale_rotate,,3,200,200,512,,,,,,,
2024-05-30 22:00:14.485246,2,/data,CIFAR100,Tiny,0,/home/jennyni/ssl-mtt/target_rep_krrst_original/CIFAR100_resnet18_target_rep_train.pt,,,False,False,False,,ResNet18,cifar100,mkdt,mkdt_results.csv,sgd,20,256,tensor(0.2669),0.0001,False,linear_evaluation,sgd,50,0.05,0.0,256,0.01,,2,/home/jennyni/ssl-mtt/logged_files/CIFAR100/2024-05-29_22:12:45None,5000,False,False,False,False,,<utils.ParamDiffAug object at 0x7f6d55cd2830>,color_crop_cutout_flip_scale_rotate,,3,200,100,512,$4.98\scriptstyle{ \pm 0.52}$,$26.54\scriptstyle{ \pm 0.89}$,$1.89\scriptstyle{ \pm 0.38}$,$0.86\scriptstyle{ \pm 0.13}$,$1.24\scriptstyle{ \pm 0.19}$,$1.73\scriptstyle{ \pm 0.68}$,$1.66\scriptstyle{ \pm 0.13}$
2024-05-30 22:02:22.605972,2,/data,CIFAR10,Tiny,0,/home/jennyni/ssl-mtt/target_rep_krrst_original/CIFAR10_resnet18_target_rep_train.pt,,,False,False,False,,ResNet18,cifar10,mkdt,mkdt_results.csv,sgd,20,256,tensor(0.3603),0.0001,False,linear_evaluation,sgd,50,0.05,0.0,256,0.01,,4,/home/jennyni/ssl-mtt/logged_files/CIFAR10/2024-05-29_22:13:04None,5000,False,False,False,False,,<utils.ParamDiffAug object at 0x7fb98ef07a60>,color_crop_cutout_flip_scale_rotate,,3,200,10,512,$3.26\scriptstyle{ \pm 0.31}$,$24.11\scriptstyle{ \pm 2.52}$,$1.83\scriptstyle{ \pm 0.10}$,$0.67\scriptstyle{ \pm 0.15}$,$1.37\scriptstyle{ \pm 0.21}$,$1.28\scriptstyle{ \pm 0.25}$,$1.35\scriptstyle{ \pm 0.04}$
2024-05-30 22:04:09.646183,2,/data,Tiny,Tiny,0,/home/jennyni/ssl-mtt/target_rep_krrst_original/Tiny_resnet18_target_rep_train.pt,,,False,False,False,,ResNet18,tiny,mkdt,mkdt_results.csv,sgd,20,256,tensor(0.1016),0.0001,False,linear_evaluation,sgd,50,0.05,0.0,256,0.01,,6,/home/jennyni/ssl-mtt/logged_files/Tiny/2024-05-29_22:13:51None,5000,False,False,False,False,,<utils.ParamDiffAug object at 0x7f1e97bb0f40>,color_crop_cutout_flip_scale_rotate,,3,200,200,512,,,,,,,
2024-05-30 22:11:00.896478,2,/data,Tiny,Tiny,0,/home/jennyni/ssl-mtt/target_rep_krrst_original/Tiny_resnet18_target_rep_train.pt,,,False,False,False,,ConvNetD4,tiny,mkdt,mkdt_results.csv,sgd,20,256,tensor(0.1016),0.0001,False,linear_evaluation,sgd,50,0.05,0.0,256,0.01,,6,/home/jennyni/ssl-mtt/logged_files/Tiny/2024-05-29_22:13:51None,5000,False,False,False,False,,<utils.ParamDiffAug object at 0x7f53ea1b3b20>,color_crop_cutout_flip_scale_rotate,,3,200,200,512,$6.28\scriptstyle{ \pm 0.39}$,$32.14\scriptstyle{ \pm 0.56}$,$1.98\scriptstyle{ \pm 0.11}$,$1.10\scriptstyle{ \pm 0.08}$,$1.68\scriptstyle{ \pm 0.18}$,$2.03\scriptstyle{ \pm 0.09}$,$2.31\scriptstyle{ \pm 0.08}$
2024-05-30 22:15:10.458339,2,/data,CIFAR100,Tiny,0,/home/jennyni/ssl-mtt/target_rep_krrst_original/CIFAR100_resnet18_target_rep_train.pt,,,False,False,False,,ResNet10,cifar100,mkdt,mkdt_results.csv,sgd,20,256,tensor(0.2669),0.0001,False,linear_evaluation,sgd,50,0.05,0.0,256,0.01,,2,/home/jennyni/ssl-mtt/logged_files/CIFAR100/2024-05-29_22:12:45None,5000,False,False,False,False,,<utils.ParamDiffAug object at 0x7f4401936c80>,color_crop_cutout_flip_scale_rotate,,3,200,100,512,$6.52\scriptstyle{ \pm 0.60}$,$28.31\scriptstyle{ \pm 0.08}$,$1.49\scriptstyle{ \pm 0.12}$,$1.10\scriptstyle{ \pm 0.13}$,$1.18\scriptstyle{ \pm 0.16}$,$2.29\scriptstyle{ \pm 0.28}$,$2.47\scriptstyle{ \pm 0.21}$
2024-05-30 22:15:28.670118,2,/data,CIFAR100,Tiny,0,/home/jennyni/ssl-mtt/target_rep_krrst_original/CIFAR100_resnet18_target_rep_train.pt,/home/jennyni/ssl-mtt/init/cifar100/CIFAR100_2_high_loss_indices.pkl,,False,False,False,,ResNet10,cifar100,high_loss,mkdt_results.csv,sgd,20,256,0.1,0.0001,False,linear_evaluation,sgd,50,0.05,0.0,256,0.01,,1,,1000,False,False,False,False,,<utils.ParamDiffAug object at 0x7fb1b3e43880>,color_crop_cutout_flip_scale_rotate,,3,200,100,512,$4.68\scriptstyle{ \pm 0.34}$,$24.34\scriptstyle{ \pm 0.19}$,$1.79\scriptstyle{ \pm 0.30}$,$0.77\scriptstyle{ \pm 0.22}$,$1.03\scriptstyle{ \pm 0.18}$,$1.63\scriptstyle{ \pm 0.42}$,$1.94\scriptstyle{ \pm 0.30}$
2024-05-30 22:15:58.127889,2,/data,CIFAR10,Tiny,0,/home/jennyni/ssl-mtt/target_rep_krrst_original/CIFAR10_resnet18_target_rep_train.pt,,,False,False,False,,ResNet10,cifar10,mkdt,mkdt_results.csv,sgd,20,256,tensor(0.3603),0.0001,False,linear_evaluation,sgd,50,0.05,0.0,256,0.01,,4,/home/jennyni/ssl-mtt/logged_files/CIFAR10/2024-05-29_22:13:04None,5000,False,False,False,False,,<utils.ParamDiffAug object at 0x7f88fa55c5e0>,color_crop_cutout_flip_scale_rotate,,3,200,10,512,$4.73\scriptstyle{ \pm 0.31}$,$32.09\scriptstyle{ \pm 0.85}$,$1.96\scriptstyle{ \pm 0.18}$,$0.79\scriptstyle{ \pm 0.07}$,$1.24\scriptstyle{ \pm 0.32}$,$1.40\scriptstyle{ \pm 0.11}$,$2.31\scriptstyle{ \pm 0.22}$
2024-05-30 22:17:39.272002,2,/data,Tiny,Tiny,0,/home/jennyni/ssl-mtt/target_rep_krrst_original/Tiny_resnet18_target_rep_train.pt,,,False,False,False,,ResNet10,tiny,mkdt,mkdt_results.csv,sgd,20,256,tensor(0.1016),0.0001,False,linear_evaluation,sgd,50,0.05,0.0,256,0.01,,6,/home/jennyni/ssl-mtt/logged_files/Tiny/2024-05-29_22:13:51None,5000,False,False,False,False,,<utils.ParamDiffAug object at 0x7fc800851360>,color_crop_cutout_flip_scale_rotate,,3,200,200,512,,,,,,,
2024-05-30 22:20:02.665372,2,/data,Tiny,Tiny,0,/home/jennyni/ssl-mtt/target_rep_krrst_original/Tiny_resnet18_target_rep_train.pt,,,False,False,False,,ConvNetD4,tiny,mkdt,mkdt_results.csv,sgd,20,256,tensor(0.1016),0.0001,False,linear_evaluation,sgd,50,0.05,0.0,256,0.05,,6,/home/jennyni/ssl-mtt/logged_files/Tiny/2024-05-29_22:13:51None,5000,False,False,False,False,,<utils.ParamDiffAug object at 0x7fe687120610>,color_crop_cutout_flip_scale_rotate,,3,200,200,512,$10.64\scriptstyle{ \pm 0.08}$,$41.01\scriptstyle{ \pm 0.72}$,$3.79\scriptstyle{ \pm 0.36}$,$1.31\scriptstyle{ \pm 0.14}$,$2.42\scriptstyle{ \pm 0.25}$,$3.44\scriptstyle{ \pm 0.38}$,$5.23\scriptstyle{ \pm 0.54}$
2024-06-08 00:15:40.728296,2,/data,CIFAR100,Tiny,0,/home/jennyni/ssl-mtt/target_rep_krrst_original/CIFAR100_resnet18_target_rep_train.pt,,,False,False,False,,ConvNet,cifar100,mkdt,mkdt_results.csv,sgd,20,256,tensor(0.2669),0.0001,False,linear_evaluation,sgd,50,0.05,0.0,256,0.01,,0,/home/jennyni/ssl-mtt/logged_files/CIFAR100/2024-05-29_22:12:45None,5000,False,False,False,False,,<utils.ParamDiffAug object at 0x7f44ef80f8b0>,color_crop_cutout_flip_scale_rotate,,3,200,100,512,$12.35\scriptstyle{ \pm 0.37}$,$44.79\scriptstyle{ \pm 1.27}$,$2.76\scriptstyle{ \pm 0.28}$,$1.69\scriptstyle{ \pm 0.16}$,$2.23\scriptstyle{ \pm 0.24}$,$2.02\scriptstyle{ \pm 0.29}$,$4.33\scriptstyle{ \pm 0.15}$
2024-06-12 13:11:48.122417,2,/data,CIFAR100,Tiny,0,/home/jennyni/ssl-mtt/target_rep_krrst_original/CIFAR100_resnet18_target_rep_train.pt,,,False,False,False,,ConvNet,cifar100,mkdt,mkdt_results.csv,sgd,20,256,tensor(0.2669),0.0001,False,linear_evaluation,sgd,50,0.05,0.0,256,0.01,,0,/home/jennyni/ssl-mtt/logged_files/CIFAR100/2024-05-29_22:12:45None,5000,False,False,False,False,,<utils.ParamDiffAug object at 0x7fdf71da9e10>,color_crop_cutout_flip_scale_rotate,,3,200,100,512,$12.60\scriptstyle{ \pm 0.20}$,$44.31\scriptstyle{ \pm 1.00}$,$2.59\scriptstyle{ \pm 0.33}$,$1.56\scriptstyle{ \pm 0.01}$,$2.34\scriptstyle{ \pm 0.37}$,$2.30\scriptstyle{ \pm 1.11}$,$4.12\scriptstyle{ \pm 0.35}$
2024-06-12 13:28:49.927788,2,/data,Tiny,Tiny,0,/home/jennyni/ssl-mtt/target_rep_krrst_original/Tiny_resnet18_target_rep_train.pt,,,False,False,False,,ConvNetD4,tiny,mkdt,mkdt_results.csv,sgd,20,256,tensor(0.1016),0.0001,False,linear_evaluation,sgd,50,0.05,0.0,256,,,0,/home/jennyni/ssl-mtt/logged_files/Tiny/2024-05-29_22:13:51None,5000,False,False,False,False,,<utils.ParamDiffAug object at 0x7f5e8a473850>,color_crop_cutout_flip_scale_rotate,,3,200,200,512,$15.15\scriptstyle{ \pm 0.14}$,$43.69\scriptstyle{ \pm 0.54}$,$7.91\scriptstyle{ \pm 0.09}$,$3.29\scriptstyle{ \pm 0.09}$,$4.63\scriptstyle{ \pm 0.16}$,$13.39\scriptstyle{ \pm 0.77}$,$10.37\scriptstyle{ \pm 0.62}$
2024-06-12 13:29:06.503502,2,/data,Tiny,Tiny,0,/home/jennyni/ssl-mtt/target_rep_krrst_original/Tiny_resnet18_target_rep_train.pt,,,False,False,False,,ConvNetD4,tiny,mkdt,mkdt_results.csv,sgd,20,256,tensor(0.1698),0.0001,False,linear_evaluation,sgd,50,0.05,0.0,256,,,1,/home/jennyni/ssl-mtt/logged_files/Tiny/2024-05-04_22:48:05None,5000,False,False,False,False,,<utils.ParamDiffAug object at 0x7f3f70ba72b0>,color_crop_cutout_flip_scale_rotate,,3,200,200,512,$25.21\scriptstyle{ \pm 0.19}$,$53.14\scriptstyle{ \pm 0.29}$,$13.26\scriptstyle{ \pm 0.22}$,$6.20\scriptstyle{ \pm 0.15}$,$7.47\scriptstyle{ \pm 0.31}$,$22.43\scriptstyle{ \pm 0.52}$,$18.39\scriptstyle{ \pm 0.33}$
2024-10-01 12:18:31.329338,2,/data,CIFAR100,Tiny,0,/home/jennyni/ssl-mtt/target_rep_krrst_original/CIFAR100_resnet18_target_rep_train.pt,,,False,False,False,,ResNet10,cifar100,mkdt,mkdt_results.csv,sgd,20,256,tensor(0.3197),0.0001,False,linear_evaluation,sgd,50,0.05,0.0,256,,,0,/home/jennyni/ssl-mtt/logged_files/CIFAR100/2024-08-02_23:51:18None,5000,False,False,False,False,,<utils.ParamDiffAug object at 0x7f661b2b5f30>,color_crop_cutout_flip_scale_rotate,,3,200,100,512,$13.49\scriptstyle{ \pm 0.34}$,$39.19\scriptstyle{ \pm 0.85}$,$7.88\scriptstyle{ \pm 0.52}$,$2.70\scriptstyle{ \pm 0.21}$,$3.32\scriptstyle{ \pm 0.23}$,$9.51\scriptstyle{ \pm 0.44}$,$9.94\scriptstyle{ \pm 0.36}$
2024-10-01 12:20:55.469675,2,/data,CIFAR100,Tiny,0,/home/jennyni/ssl-mtt/target_rep_krrst_original/CIFAR100_resnet18_target_rep_train.pt,,,False,False,False,,ResNet18,cifar100,mkdt,mkdt_results.csv,sgd,20,256,tensor(0.3197),0.0001,False,linear_evaluation,sgd,50,0.05,0.0,256,,,0,/home/jennyni/ssl-mtt/logged_files/CIFAR100/2024-08-02_23:51:18None,5000,False,False,False,False,,<utils.ParamDiffAug object at 0x7fa4ba1a4b50>,color_crop_cutout_flip_scale_rotate,,3,200,100,512,$8.83\scriptstyle{ \pm 0.90}$,$33.74\scriptstyle{ \pm 2.89}$,$6.89\scriptstyle{ \pm 0.31}$,$1.92\scriptstyle{ \pm 0.08}$,$3.12\scriptstyle{ \pm 0.12}$,$5.81\scriptstyle{ \pm 0.75}$,$6.57\scriptstyle{ \pm 0.21}$
2024-10-01 15:50:03.420531,2,/data,CIFAR100,Tiny,0,/home/jennyni/ssl-mtt/target_rep_krrst_original/CIFAR100_resnet18_target_rep_train.pt,,,False,False,False,,ResNet10,cifar100,krrst,mkdt_results.csv,sgd,20,256,0.1,0.0001,False,linear_evaluation,sgd,50,0.05,0.0,256,0.05,,3,/home/jennyni/ssl-mtt/synthetic_data/CIFAR100/krr_st,1000,True,False,False,False,,<utils.ParamDiffAug object at 0x7fcbf3f79690>,color_crop_cutout_flip_scale_rotate,,3,200,100,512,$5.20\scriptstyle{ \pm 0.11}$,$28.91\scriptstyle{ \pm 0.10}$,$2.26\scriptstyle{ \pm 0.25}$,$1.00\scriptstyle{ \pm 0.13}$,$1.38\scriptstyle{ \pm 0.22}$,$1.20\scriptstyle{ \pm 0.68}$,$3.63\scriptstyle{ \pm 0.18}$
2024-10-01 15:50:19.502995,2,/data,CIFAR100,Tiny,0,/home/jennyni/ssl-mtt/target_rep_krrst_original/CIFAR100_resnet18_target_rep_train.pt,,,False,False,False,,ResNet10,cifar100,mkdt,mkdt_results.csv,sgd,20,256,tensor(0.2669),0.0001,False,linear_evaluation,sgd,50,0.05,0.0,256,0.05,,2,/home/jennyni/ssl-mtt/logged_files/CIFAR100/2024-05-29_22:12:45None,5000,False,False,False,False,,<utils.ParamDiffAug object at 0x7f8df16e9390>,color_crop_cutout_flip_scale_rotate,,3,200,100,512,$10.82\scriptstyle{ \pm 0.45}$,$34.82\scriptstyle{ \pm 0.14}$,$3.07\scriptstyle{ \pm 0.41}$,$1.05\scriptstyle{ \pm 0.04}$,$1.63\scriptstyle{ \pm 0.22}$,$2.78\scriptstyle{ \pm 0.37}$,$4.76\scriptstyle{ \pm 0.21}$
2024-10-01 15:51:30.600698,2,/data,CIFAR100,Tiny,0,/home/jennyni/ssl-mtt/target_rep_krrst_original/CIFAR100_resnet18_target_rep_train.pt,,,False,False,False,,ResNet18,cifar100,krrst,mkdt_results.csv,sgd,20,256,0.1,0.0001,False,linear_evaluation,sgd,50,0.05,0.0,256,0.05,,3,/home/jennyni/ssl-mtt/synthetic_data/CIFAR100/krr_st,1000,True,False,False,False,,<utils.ParamDiffAug object at 0x7fbb87429ed0>,color_crop_cutout_flip_scale_rotate,,3,200,100,512,$3.30\scriptstyle{ \pm 0.10}$,$23.35\scriptstyle{ \pm 0.20}$,$1.70\scriptstyle{ \pm 0.31}$,$0.66\scriptstyle{ \pm 0.07}$,$1.23\scriptstyle{ \pm 0.19}$,$0.96\scriptstyle{ \pm 0.34}$,$2.25\scriptstyle{ \pm 0.26}$
2024-10-01 15:51:47.164195,2,/data,CIFAR100,Tiny,0,/home/jennyni/ssl-mtt/target_rep_krrst_original/CIFAR100_resnet18_target_rep_train.pt,/home/jennyni/ssl-mtt/init/cifar100/cifar100_1000random.pkl,,False,False,False,,ResNet10,cifar100,random,mkdt_results.csv,sgd,20,256,0.1,0.0001,False,linear_evaluation,sgd,50,0.05,0.0,256,0.05,,1,,1000,False,False,False,False,,<utils.ParamDiffAug object at 0x7fcfffde8880>,color_crop_cutout_flip_scale_rotate,,3,200,100,512,$5.17\scriptstyle{ \pm 0.44}$,$28.07\scriptstyle{ \pm 0.83}$,$2.22\scriptstyle{ \pm 0.37}$,$0.82\scriptstyle{ \pm 0.02}$,$1.41\scriptstyle{ \pm 0.22}$,$1.14\scriptstyle{ \pm 0.40}$,$3.60\scriptstyle{ \pm 0.04}$
2024-10-01 15:51:58.198844,2,/data,CIFAR100,Tiny,0,/home/jennyni/ssl-mtt/target_rep_krrst_original/CIFAR100_resnet18_target_rep_train.pt,,,False,False,False,,ResNet18,cifar100,mkdt,mkdt_results.csv,sgd,20,256,tensor(0.2669),0.0001,False,linear_evaluation,sgd,50,0.05,0.0,256,0.05,,2,/home/jennyni/ssl-mtt/logged_files/CIFAR100/2024-05-29_22:12:45None,5000,False,False,False,False,,<utils.ParamDiffAug object at 0x7fac6c3765c0>,color_crop_cutout_flip_scale_rotate,,3,200,100,512,$7.98\scriptstyle{ \pm 0.37}$,$30.08\scriptstyle{ \pm 1.92}$,$3.65\scriptstyle{ \pm 0.68}$,$1.16\scriptstyle{ \pm 0.05}$,$1.85\scriptstyle{ \pm 0.33}$,$2.07\scriptstyle{ \pm 0.42}$,$3.13\scriptstyle{ \pm 0.26}$
2024-10-01 15:52:22.483767,2,/data,CIFAR100,Tiny,0,/home/jennyni/ssl-mtt/target_rep_krrst_original/CIFAR100_resnet18_target_rep_train.pt,/home/jennyni/ssl-mtt/init/cifar100/cifar100_1000random.pkl,,False,False,False,,ResNet18,cifar100,random,mkdt_results.csv,sgd,20,256,0.1,0.0001,False,linear_evaluation,sgd,50,0.05,0.0,256,0.05,,1,,1000,False,False,False,False,,<utils.ParamDiffAug object at 0x7f50b01f1d80>,color_crop_cutout_flip_scale_rotate,,3,200,100,512,$3.57\scriptstyle{ \pm 0.29}$,$22.81\scriptstyle{ \pm 0.80}$,$1.67\scriptstyle{ \pm 0.30}$,$0.73\scriptstyle{ \pm 0.03}$,$1.20\scriptstyle{ \pm 0.10}$,$0.85\scriptstyle{ \pm 0.23}$,$2.28\scriptstyle{ \pm 0.20}$
2024-10-01 15:55:40.389178,2,/data,CIFAR100,Tiny,0,/home/jennyni/ssl-mtt/target_rep_krrst_original/CIFAR100_resnet18_target_rep_train.pt,,,False,False,False,,ResNet10,cifar100,no_pre,mkdt_results.csv,sgd,20,256,0.1,0.0001,False,linear_evaluation,sgd,50,0.05,0.0,256,0.05,,0,,1000,False,True,False,False,,<utils.ParamDiffAug object at 0x7f12f204eb30>,color_crop_cutout_flip_scale_rotate,,3,200,100,512,$4.18\scriptstyle{ \pm 0.28}$,$25.88\scriptstyle{ \pm 0.07}$,$2.31\scriptstyle{ \pm 0.45}$,$0.72\scriptstyle{ \pm 0.12}$,$1.11\scriptstyle{ \pm 0.07}$,$1.04\scriptstyle{ \pm 0.39}$,$3.39\scriptstyle{ \pm 0.17}$
2024-10-01 15:57:19.996312,2,/data,CIFAR100,Tiny,0,/home/jennyni/ssl-mtt/target_rep_krrst_original/CIFAR100_resnet18_target_rep_train.pt,,,False,False,False,,ResNet18,cifar100,no_pre,mkdt_results.csv,sgd,20,256,0.1,0.0001,False,linear_evaluation,sgd,50,0.05,0.0,256,0.05,,0,,1000,False,True,False,False,,<utils.ParamDiffAug object at 0x7fa4087038b0>,color_crop_cutout_flip_scale_rotate,,3,200,100,512,$2.53\scriptstyle{ \pm 0.21}$,$20.25\scriptstyle{ \pm 0.52}$,$1.66\scriptstyle{ \pm 0.22}$,$0.57\scriptstyle{ \pm 0.06}$,$1.01\scriptstyle{ \pm 0.14}$,$0.80\scriptstyle{ \pm 0.37}$,$2.17\scriptstyle{ \pm 0.27}$
2024-10-01 16:12:41.902709,2,/data,CIFAR100,Tiny,0,/home/jennyni/ssl-mtt/target_rep_krrst_original/CIFAR100_resnet18_target_rep_train.pt,,,False,False,False,,ResNet10,cifar100,krrst,mkdt_results.csv,sgd,20,256,0.1,0.0001,False,linear_evaluation,sgd,50,0.05,0.0,256,0.05,,3,/home/jennyni/ssl-mtt/synthetic_data/CIFAR100/krr_st,1000,True,False,False,False,,<utils.ParamDiffAug object at 0x7f32c89d54e0>,color_crop_cutout_flip_scale_rotate,,3,200,100,512,$13.95\scriptstyle{ \pm 0.82}$,$38.62\scriptstyle{ \pm 0.52}$,$2.81\scriptstyle{ \pm 0.45}$,$1.64\scriptstyle{ \pm 0.04}$,$2.21\scriptstyle{ \pm 0.29}$,$4.60\scriptstyle{ \pm 0.65}$,$7.69\scriptstyle{ \pm 0.13}$
2024-10-01 16:12:43.495108,2,/data,CIFAR100,Tiny,0,/home/jennyni/ssl-mtt/target_rep_krrst_original/CIFAR100_resnet18_target_rep_train.pt,,,False,False,False,,ResNet10,cifar100,mkdt,mkdt_results.csv,sgd,20,256,tensor(0.2669),0.0001,False,linear_evaluation,sgd,50,0.05,0.0,256,0.05,,2,/home/jennyni/ssl-mtt/logged_files/CIFAR100/2024-05-29_22:12:45None,5000,False,False,False,False,,<utils.ParamDiffAug object at 0x7f4e5713e980>,color_crop_cutout_flip_scale_rotate,,3,200,100,512,$17.65\scriptstyle{ \pm 0.42}$,$45.05\scriptstyle{ \pm 0.04}$,$1.47\scriptstyle{ \pm 0.08}$,$1.35\scriptstyle{ \pm 0.11}$,$1.99\scriptstyle{ \pm 0.21}$,$3.78\scriptstyle{ \pm 0.35}$,$9.83\scriptstyle{ \pm 0.36}$
2024-10-01 16:14:23.608775,2,/data,CIFAR100,Tiny,0,/home/jennyni/ssl-mtt/target_rep_krrst_original/CIFAR100_resnet18_target_rep_train.pt,,,False,False,False,,ResNet18,cifar100,krrst,mkdt_results.csv,sgd,20,256,0.1,0.0001,False,linear_evaluation,sgd,50,0.05,0.0,256,0.05,,3,/home/jennyni/ssl-mtt/synthetic_data/CIFAR100/krr_st,1000,True,False,False,False,,<utils.ParamDiffAug object at 0x7f4f54cbf760>,color_crop_cutout_flip_scale_rotate,,3,200,100,512,$11.96\scriptstyle{ \pm 0.66}$,$35.65\scriptstyle{ \pm 1.56}$,$2.46\scriptstyle{ \pm 0.23}$,$1.64\scriptstyle{ \pm 0.06}$,$2.20\scriptstyle{ \pm 0.29}$,$4.09\scriptstyle{ \pm 0.82}$,$7.26\scriptstyle{ \pm 0.36}$
2024-10-01 16:14:30.082468,2,/data,CIFAR100,Tiny,0,/home/jennyni/ssl-mtt/target_rep_krrst_original/CIFAR100_resnet18_target_rep_train.pt,/home/jennyni/ssl-mtt/init/cifar100/cifar100_1000random.pkl,,False,False,False,,ResNet10,cifar100,random,mkdt_results.csv,sgd,20,256,0.1,0.0001,False,linear_evaluation,sgd,50,0.05,0.0,256,0.05,,1,,1000,False,False,False,False,,<utils.ParamDiffAug object at 0x7fbdfb1e3940>,color_crop_cutout_flip_scale_rotate,,3,200,100,512,$14.35\scriptstyle{ \pm 0.40}$,$38.01\scriptstyle{ \pm 0.64}$,$2.05\scriptstyle{ \pm 0.16}$,$1.32\scriptstyle{ \pm 0.15}$,$2.45\scriptstyle{ \pm 0.41}$,$4.43\scriptstyle{ \pm 0.94}$,$7.83\scriptstyle{ \pm 0.50}$
2024-10-01 16:14:31.564737,2,/data,CIFAR100,Tiny,0,/home/jennyni/ssl-mtt/target_rep_krrst_original/CIFAR100_resnet18_target_rep_train.pt,,,False,False,False,,ResNet18,cifar100,mkdt,mkdt_results.csv,sgd,20,256,tensor(0.2669),0.0001,False,linear_evaluation,sgd,50,0.05,0.0,256,0.05,,2,/home/jennyni/ssl-mtt/logged_files/CIFAR100/2024-05-29_22:12:45None,5000,False,False,False,False,,<utils.ParamDiffAug object at 0x7fed602dc880>,color_crop_cutout_flip_scale_rotate,,3,200,100,512,$15.37\scriptstyle{ \pm 1.26}$,$42.58\scriptstyle{ \pm 1.53}$,$1.43\scriptstyle{ \pm 0.22}$,$1.24\scriptstyle{ \pm 0.09}$,$1.53\scriptstyle{ \pm 0.19}$,$2.66\scriptstyle{ \pm 0.86}$,$8.15\scriptstyle{ \pm 0.22}$
2024-10-01 16:16:09.743073,2,/data,CIFAR100,Tiny,0,/home/jennyni/ssl-mtt/target_rep_krrst_original/CIFAR100_resnet18_target_rep_train.pt,/home/jennyni/ssl-mtt/init/cifar100/cifar100_1000random.pkl,,False,False,False,,ResNet18,cifar100,random,mkdt_results.csv,sgd,20,256,0.1,0.0001,False,linear_evaluation,sgd,50,0.05,0.0,256,0.05,,1,,1000,False,False,False,False,,<utils.ParamDiffAug object at 0x7f4b8a7cf460>,color_crop_cutout_flip_scale_rotate,,3,200,100,512,$12.24\scriptstyle{ \pm 0.59}$,$34.49\scriptstyle{ \pm 1.31}$,$1.90\scriptstyle{ \pm 0.28}$,$1.31\scriptstyle{ \pm 0.18}$,$1.91\scriptstyle{ \pm 0.22}$,$3.90\scriptstyle{ \pm 0.56}$,$6.79\scriptstyle{ \pm 0.24}$
2024-10-01 16:18:14.122214,2,/data,CIFAR100,Tiny,0,/home/jennyni/ssl-mtt/target_rep_krrst_original/CIFAR100_resnet18_target_rep_train.pt,,,False,False,False,,ResNet10,cifar100,no_pre,mkdt_results.csv,sgd,20,256,0.1,0.0001,False,linear_evaluation,sgd,50,0.05,0.0,256,0.05,,7,,1000,False,True,False,False,,<utils.ParamDiffAug object at 0x7f4f45d81f90>,color_crop_cutout_flip_scale_rotate,,3,200,100,512,$1.36\scriptstyle{ \pm 0.31}$,$13.18\scriptstyle{ \pm 1.74}$,$1.00\scriptstyle{ \pm 0.01}$,$0.43\scriptstyle{ \pm 0.13}$,$0.60\scriptstyle{ \pm 0.01}$,$0.75\scriptstyle{ \pm 0.14}$,$1.03\scriptstyle{ \pm 0.07}$
2024-10-01 16:19:23.151361,2,/data,CIFAR100,Tiny,0,/home/jennyni/ssl-mtt/target_rep_krrst_original/CIFAR100_resnet18_target_rep_train.pt,,,False,False,False,,ResNet18,cifar100,no_pre,mkdt_results.csv,sgd,20,256,0.1,0.0001,False,linear_evaluation,sgd,50,0.05,0.0,256,0.05,,7,,1000,False,True,False,False,,<utils.ParamDiffAug object at 0x7f9d28c70550>,color_crop_cutout_flip_scale_rotate,,3,200,100,512,$1.01\scriptstyle{ \pm 0.01}$,$10.00\scriptstyle{ \pm 0.00}$,$1.01\scriptstyle{ \pm 0.01}$,$0.56\scriptstyle{ \pm 0.07}$,$0.67\scriptstyle{ \pm 0.09}$,$0.93\scriptstyle{ \pm 0.38}$,$0.91\scriptstyle{ \pm 0.10}$
2024-10-01 16:55:37.755668,2,/data,CIFAR100,Tiny,0,/home/jennyni/ssl-mtt/target_rep_krrst_original/CIFAR100_resnet18_target_rep_train.pt,/home/jennyni/ssl-mtt/init/cifar100/cifar100_2500random.pkl,,False,False,False,,ResNet18,,,mkdt_results.csv,sgd,20,256,0.1,0.0001,False,linear_evaluation,sgd,50,0.05,0.0,256,0.05,,0,,1000,False,False,False,False,,<utils.ParamDiffAug object at 0x7f17281d24d0>,color_crop_cutout_flip_scale_rotate,,3,200,100,512,$16.82\scriptstyle{ \pm 0.69}$,$40.11\scriptstyle{ \pm 1.16}$,$1.84\scriptstyle{ \pm 0.25}$,$1.62\scriptstyle{ \pm 0.06}$,$2.40\scriptstyle{ \pm 0.25}$,$5.16\scriptstyle{ \pm 0.59}$,$8.95\scriptstyle{ \pm 0.23}$
2024-10-01 16:56:52.903808,2,/data,CIFAR100,Tiny,0,/home/jennyni/ssl-mtt/target_rep_krrst_original/CIFAR100_resnet18_target_rep_train.pt,,,False,False,False,,ResNet10,cifar100,mkdt,mkdt_results.csv,sgd,20,256,tensor(0.1511),0.0001,False,linear_evaluation,sgd,50,0.05,0.0,256,0.05,,0,/home/jennyni/ssl-mtt/logged_files/CIFAR100/2024-08-02_23:51:18None,1000,False,False,False,False,,<utils.ParamDiffAug object at 0x7f4fa895f550>,color_crop_cutout_flip_scale_rotate,,3,200,100,512,$23.23\scriptstyle{ \pm 0.79}$,$49.13\scriptstyle{ \pm 0.69}$,$1.68\scriptstyle{ \pm 0.10}$,$1.67\scriptstyle{ \pm 0.09}$,$2.64\scriptstyle{ \pm 0.16}$,$6.15\scriptstyle{ \pm 0.47}$,$13.35\scriptstyle{ \pm 0.24}$
2024-10-01 16:57:24.357772,2,/data,CIFAR100,Tiny,0,/home/jennyni/ssl-mtt/target_rep_krrst_original/CIFAR100_resnet18_target_rep_train.pt,,,False,False,False,,ResNet18,cifar100,mkdt,mkdt_results.csv,sgd,20,256,tensor(0.1511),0.0001,False,linear_evaluation,sgd,50,0.05,0.0,256,0.05,,0,/home/jennyni/ssl-mtt/logged_files/CIFAR100/2024-08-02_23:51:18None,1000,False,False,False,False,,<utils.ParamDiffAug object at 0x7f0d6896b070>,color_crop_cutout_flip_scale_rotate,,3,200,100,512,$21.51\scriptstyle{ \pm 0.17}$,$46.10\scriptstyle{ \pm 0.60}$,$2.05\scriptstyle{ \pm 0.43}$,$1.86\scriptstyle{ \pm 0.05}$,$2.36\scriptstyle{ \pm 0.29}$,$5.17\scriptstyle{ \pm 0.93}$,$11.57\scriptstyle{ \pm 0.17}$
2024-10-01 16:57:53.817927,2,/data,CIFAR100,Tiny,0,/home/jennyni/ssl-mtt/target_rep_krrst_original/CIFAR100_resnet18_target_rep_train.pt,/home/jennyni/ssl-mtt/init/cifar100/cifar100_2500random.pkl,,False,False,False,,ResNet10,,,mkdt_results.csv,sgd,20,256,0.1,0.0001,False,linear_evaluation,sgd,50,0.05,0.0,256,0.05,,0,,1000,False,False,False,False,,<utils.ParamDiffAug object at 0x7f26fe8a3100>,color_crop_cutout_flip_scale_rotate,,3,200,100,512,$18.80\scriptstyle{ \pm 0.58}$,$44.24\scriptstyle{ \pm 0.85}$,$2.15\scriptstyle{ \pm 0.34}$,$1.81\scriptstyle{ \pm 0.16}$,$2.52\scriptstyle{ \pm 0.29}$,$5.41\scriptstyle{ \pm 0.61}$,$10.33\scriptstyle{ \pm 0.16}$
